{
    "intro": "https://youtu.be/GjQEotj3t6Y?si=cVWLDw5H_FcdOrIY",
    "title": {
        "us": "Learn Python Functions Interactively",
        "es": "Aprende las funciones de Python Interactivamente"
    },
    "slug": "python-function-exercises",
    "repository": "https://github.com/4GeeksAcademy/python-functions-programming-exercises",
    "preview": "https://github.com/4GeeksAcademy/python-functions-programming-exercises/blob/master/preview.gif?raw=true",
    "description": {
        "us": "Learn and master functional programming by doing auto-graded interactive exercises.",
        "es": "Aprende y domina funciones en Python haciendo ejercicios interactivos y auto-evaluados."
    },
    "duration": 10,
    "difficulty": "easy",
    "projectType": "tutorial",
    "videoSolutions": true,
    "bugsLink": "https://github.com/learnpack/learnpack/issues/new",
    "graded": true,
    
    "editor": {
        "version": "5.0"
    },
    "telemetry": {
        "batch": "https://breathecode.herokuapp.com/v1/assignment/me/telemetry?asset_id=147"
    },
    "video": {
        "intro": {
            "es": "https://www.youtube.com/watch?v=SD9lqR67yMY",
            "en": "https://www.youtube.com/watch?v=06rxSj-9wM4"
        }
    }

    
}
